<?xml version="1.0" encoding="UTF-8"?>
<blocks category="Generic">
	<block name="Generic.If">
		<doc>Evaluates condition and calls Tcallback if test is True, Fcallback otherwise</doc>
		<input name="condition" type="any" default="False" />
		<input name="Tcallback" type="any" default="generic_dummy" />
		<input name="Fcallback" type="any" default="generic_dummy" />
		<output name="result" type="any" callback="TrueOrFalse" args="condition,Tcallback,Fcallback" />
	</block>
	<block name="Generic.Return">
		<doc>A special sink block to generate return statements in block modeling. 
			Be Sure to use only one in a model, otherwise multiple return statements
			will be generated.</doc>
		<input name="sinkin" type="any" default="'(N/A)'" />
		<output name="?" type="any" callback="generic_Buffer" args="sinkin" />
	</block>
	<block name="Generic.Buffer">
		<doc>A buffer to copy input to output</doc>
		<input name="value" type="any" default="None" />
		<output name="out" type="any" callback="generic_Buffer" args="value" />
	</block>
	<block name="Generic.Display">
		<input name="value" type="any" default="None" />
		<input name="Title" type="str" default="'Display'" />
		<output name="x" type="any" callback="generic_Display" args="value,Title" />
		<parameters>
			<param name="Text_Form" default="None" type="Form" />
		</parameters>
	</block>
	<block name="Generic.Print">
		<input name="value" type="any" default="'(none)'" />
		<output name="*" type="any" callback="generic_print" args="value" />
	</block>
	<block name="Generic.Queue">
		<output name="Next" type="any" callback="generic_Queue" args="" />
		<parameters>
			<param name="_queue" type="any" default="[x%2 for x in range(0,100)]" />
		</parameters>
	</block>
	<block name="Generic.Random">
		<input name="min" type="int" default="0" />
		<input name="max" type="int" default="100" />
		<output name="Next" type="int" callback="generic_rand" args="min,max" />
	</block>
</blocks>
